순번,순위,전일대비_순위증감,신규진입여부,movieCd,영화제목,개봉일,매출액,당일매출비율,전일대비_매출증감,전일대비_매출액_증감비율,누적매출액,당일관객수,전일대비_관객증감,전일대비_관객증감비율,누적관객수,당일스크린수,showCnt,targetDt
1,1,0,OLD,20233219,호프,2026-07-15,1057559480,59.5,-1943517630,-64.8,38318463580,103403,-182467,-63.8,3519073,2096,7272,2026-07-27
2,2,0,OLD,20261784,미니언즈 & 몬스터즈,2026-07-15,202780900,11.4,-275022600,-57.6,5949070580,21401,-27044,-55.8,584363,774,1856,2026-07-27
3,3,0,OLD,20259946,모아나,2026-07-08,145849290,8.2,-200917990,-57.9,9905629670,15049,-19753,-56.8,924284,704,1403,2026-07-27
4,4,0,OLD,20259781,토이 스토리 5,2026-06-17,112255100,6.3,-116820500,-51.0,29335606860,11521,-10966,-48.8,2848640,522,854,2026-07-27
5,5,1,OLD,20242402,눈동자,2026-06-24,68698000,3.9,-69954370,-50.5,15664161540,6698,-6376,-48.8,1518312,545,885,2026-07-27
6,6,-1,OLD,20262902,다윗,2026-07-10,47140850,2.7,-153002490,-76.4,2204854030,5037,-15778,-75.8,225388,307,379,2026-07-27
7,7,0,OLD,20264665,드림 애니멀즈: 더무비,2026-07-24,33524130,1.9,-23802690,-41.5,252320440,3741,-2501,-40.1,28145,337,431,2026-07-27
8,8,0,NEW,20255484,오케이 마담2,2026-08-12,26952000,1.5,26952000,100.0,29553000,2952,2952,100.0,3241,12,15,2026-07-27
9,9,0,OLD,20252402,군체,2026-05-21,8301600,0.5,-3457900,-29.4,62699752740,812,-319,-28.2,5950776,126,143,2026-07-27
10,10,-2,OLD,20263530,마티 슈프림,2026-07-01,7342100,0.4,-17421450,-70.4,1364544180,704,-1173,-62.5,126011,53,61,2026-07-27
1,1,0,OLD,20233219,호프,2026-07-15,1023976630,58.5,-33582850,-3.2,39342440210,100154,-3249,-3.1,3619227,2108,7258,2026-07-28
2,2,0,OLD,20261784,미니언즈 & 몬스터즈,2026-07-15,204471520,11.7,1690620,0.8,6153542100,22069,668,3.1,606432,806,1886,2026-07-28
3,3,0,OLD,20259946,모아나,2026-07-08,148384140,8.5,2534850,1.7,10054013810,15559,510,3.4,939843,724,1441,2026-07-28
4,4,0,OLD,20259781,토이 스토리 5,2026-06-17,119485840,6.8,7230740,6.4,29455092700,12498,977,8.5,2861138,536,884,2026-07-28
5,5,0,OLD,20242402,눈동자,2026-06-24,67542250,3.9,-1155750,-1.7,15731703790,6534,-164,-2.4,1524846,525,881,2026-07-28
6,6,0,OLD,20262902,다윗,2026-07-10,49701550,2.8,2560700,5.4,2254555580,5472,435,8.6,230860,315,388,2026-07-28
7,7,0,OLD,20264665,드림 애니멀즈: 더무비,2026-07-24,28063810,1.6,-5460320,-16.3,280384250,3166,-575,-15.4,31311,323,414,2026-07-28
8,8,0,NEW,20262770,스파이더맨: 브랜드 뉴 데이,2026-07-29,17586000,1.0,17586000,100.0,17586000,1254,1254,100.0,1254,3,5,2026-07-28
9,9,0,OLD,20252402,군체,2026-05-21,9713100,0.6,1411500,17.0,62709465840,967,155,19.1,5951743,128,149,2026-07-28
10,10,2,OLD,20262381,사랑의 하츄핑: 고래보석의 전설,2026-08-05,8649000,0.5,4149000,92.2,48689000,961,461,92.2,4951,5,5,2026-07-28
1,1,7,OLD,20262770,스파이더맨: 브랜드 뉴 데이,2026-07-29,6916002640,83.2,6898416640,39226.8,6933588640,690982,689728,55002.2,692236,2304,9082,2026-07-29
2,2,-1,OLD,20233219,호프,2026-07-15,831962150,10.0,-192014480,-18.8,40174402360,87892,-12262,-12.2,3707119,1023,2901,2026-07-29
3,3,-1,OLD,20261784,미니언즈 & 몬스터즈,2026-07-15,192344300,2.3,-12127220,-5.9,6345886400,21655,-414,-1.9,628087,692,1065,2026-07-29
4,4,-1,OLD,20259946,모아나,2026-07-08,100993520,1.2,-47390620,-31.9,10155007330,11102,-4457,-28.6,950945,471,656,2026-07-29
5,5,-1,OLD,20259781,토이 스토리 5,2026-06-17,84644220,1.0,-34841620,-29.2,29539736920,9231,-3267,-26.1,2870369,320,385,2026-07-29
6,6,0,NEW,20264148,어떻게 해야 했을까?,2026-07-29,35015300,0.4,35015300,100.0,37759300,3694,3694,100.0,4086,61,77,2026-07-29
7,7,-1,OLD,20262902,다윗,2026-07-10,33863540,0.4,-15838010,-31.9,2288419120,3669,-1803,-32.9,234529,139,157,2026-07-29
8,8,-1,OLD,20264665,드림 애니멀즈: 더무비,2026-07-24,22357400,0.3,-5706410,-20.3,302741650,2522,-644,-20.3,33833,224,231,2026-07-29
9,9,-4,OLD,20242402,눈동자,2026-06-24,24170260,0.3,-43371990,-64.2,15755874050,2488,-4046,-61.9,1527334,199,232,2026-07-29
10,10,5,OLD,20242837,왕과 사는 남자,2026-02-04,6874000,0.1,3505000,104.0,163215573840,1004,503,100.4,16916280,12,12,2026-07-29
1,1,0,OLD,20262770,스파이더맨: 브랜드 뉴 데이,2026-07-29,4654902550,78.8,-2261100090,-32.7,11588491190,441844,-249138,-36.1,1134080,2222,8848,2026-07-30
2,2,0,OLD,20233219,호프,2026-07-15,664607620,11.2,-167354530,-20.1,40839009980,67623,-20269,-23.1,3774742,1026,2954,2026-07-30
3,3,0,OLD,20261784,미니언즈 & 몬스터즈,2026-07-15,187815260,3.2,-4529040,-2.4,6533701660,20610,-1045,-4.8,648697,690,1067,2026-07-30
4,4,0,OLD,20259946,모아나,2026-07-08,110943350,1.9,9949830,9.9,10265950680,11882,780,7.0,962827,486,707,2026-07-30
5,5,0,OLD,20259781,토이 스토리 5,2026-06-17,94315820,1.6,9671600,11.4,29634052740,9967,736,8.0,2880336,358,435,2026-07-30
6,6,0,OLD,20264148,어떻게 해야 했을까?,2026-07-29,39247920,0.7,4232620,12.1,77007220,3913,219,5.9,7999,52,80,2026-07-30
7,7,0,OLD,20262902,다윗,2026-07-10,36130800,0.6,2267260,6.7,2324549920,3836,167,4.6,238365,150,166,2026-07-30
8,8,0,OLD,20264665,드림 애니멀즈: 더무비,2026-07-24,29428220,0.5,7070820,31.6,332169870,3444,922,36.6,37277,238,250,2026-07-30
9,9,0,OLD,20242402,눈동자,2026-06-24,26757600,0.5,2587340,10.7,15782631650,2680,192,7.7,1530014,220,261,2026-07-30
10,10,1,OLD,20257100,산양들,2026-07-29,9096050,0.2,1267050,16.2,24172050,1118,230,25.9,2827,39,51,2026-07-30
1,1,0,OLD,20262770,스파이더맨: 브랜드 뉴 데이,2026-07-29,5796824950,79.4,1141922400,24.5,17385316140,526330,84486,19.1,1660410,2275,9373,2026-07-31
2,2,0,OLD,20233219,호프,2026-07-15,835668800,11.4,171061180,25.7,41674678780,81496,13873,20.5,3856238,1005,2980,2026-07-31
3,3,0,OLD,20261784,미니언즈 & 몬스터즈,2026-07-15,190221930,2.6,2406670,1.3,6723923590,20042,-568,-2.8,668739,726,1110,2026-07-31
4,4,0,OLD,20259946,모아나,2026-07-08,112605600,1.5,1662250,1.5,10378556280,11630,-252,-2.1,974457,480,705,2026-07-31
5,5,0,OLD,20259781,토이 스토리 5,2026-06-17,102040720,1.4,7724900,8.2,29736093460,10380,413,4.1,2890716,395,472,2026-07-31
6,6,1,OLD,20262902,다윗,2026-07-10,59424000,0.8,23293200,64.5,2383973920,6272,2436,63.5,244637,186,207,2026-07-31
7,7,-1,OLD,20264148,어떻게 해야 했을까?,2026-07-29,45668700,0.6,6420780,16.4,122675920,4351,438,11.2,12350,61,94,2026-07-31
8,8,1,OLD,20242402,눈동자,2026-06-24,25475350,0.3,-1282250,-4.8,15808107000,2375,-305,-11.4,1532389,200,246,2026-07-31
9,9,-1,OLD,20264665,드림 애니멀즈: 더무비,2026-07-24,17893270,0.2,-11534950,-39.2,350063140,1943,-1501,-43.6,39220,173,178,2026-07-31
10,10,0,NEW,20265254,투모로우바이투게더 브이알 콘서트 : 엔드리스 라이드,2026-07-31,52001000,0.7,52001000,100.0,52001000,1469,1469,100.0,1469,2,14,2026-07-31
1,1,0,OLD,20262770,스파이더맨: 브랜드 뉴 데이,2026-07-29,9697312810,80.9,3900487860,67.3,27082628950,901580,375250,71.3,2561990,2409,10152,2026-08-01
2,2,0,OLD,20233219,호프,2026-07-15,1403300900,11.7,567632100,67.9,43077979680,136417,54921,67.4,3992655,957,2724,2026-08-01
3,3,0,OLD,20261784,미니언즈 & 몬스터즈,2026-07-15,211440510,1.8,21218580,11.2,6935364100,22173,2131,10.6,690912,715,1091,2026-08-01
4,4,0,OLD,20259946,모아나,2026-07-08,124133850,1.0,11528250,10.2,10502690130,12729,1099,9.4,987186,465,626,2026-08-01
5,5,0,NEW,20262381,사랑의 하츄핑: 고래보석의 전설,2026-08-05,127985600,1.1,127985600,100.0,181687600,10681,10681,100.0,16189,76,91,2026-08-01
6,6,-1,OLD,20259781,토이 스토리 5,2026-06-17,100129740,0.8,-1910980,-1.9,29836223200,9940,-440,-4.2,2900656,367,455,2026-08-01
7,7,-1,OLD,20262902,다윗,2026-07-10,85172890,0.7,25748890,43.3,2469146810,8795,2523,40.2,253432,253,285,2026-08-01
8,8,-1,OLD,20264148,어떻게 해야 했을까?,2026-07-29,64192100,0.5,18523400,40.6,186868020,6224,1873,43.0,18574,67,110,2026-08-01
9,9,-1,OLD,20242402,눈동자,2026-06-24,28515200,0.2,3039850,11.9,15836622200,2646,271,11.4,1535035,160,187,2026-08-01
10,10,-1,OLD,20264665,드림 애니멀즈: 더무비,2026-07-24,12517310,0.1,-5375960,-30.0,362580450,1365,-578,-29.7,40585,130,134,2026-08-01
1,1,0,OLD,20262770,스파이더맨: 브랜드 뉴 데이,2026-07-29,8780346600,80.9,-916966210,-9.5,35862975550,826335,-75245,-8.3,3388325,2382,9784,2026-08-02
2,2,0,OLD,20233219,호프,2026-07-15,1200387570,11.1,-202913330,-14.5,44278367250,117897,-18520,-13.6,4110552,965,2620,2026-08-02
3,3,0,OLD,20261784,미니언즈 & 몬스터즈,2026-07-15,218413190,2.0,6972680,3.3,7153777290,23030,857,3.9,713942,716,1089,2026-08-02
4,4,0,OLD,20259946,모아나,2026-07-08,124099400,1.1,-34450,0.0,10626789530,12763,34,0.3,999949,452,580,2026-08-02
5,5,1,OLD,20259781,토이 스토리 5,2026-06-17,115375580,1.1,15245840,15.2,29951598780,11554,1614,16.2,2912210,375,472,2026-08-02
6,6,-1,OLD,20262381,사랑의 하츄핑: 고래보석의 전설,2026-08-05,125351720,1.2,-2633880,-2.1,307039320,10305,-376,-3.5,26494,75,85,2026-08-02
7,7,0,OLD,20262902,다윗,2026-07-10,94622950,0.9,9450060,11.1,2563769760,9917,1122,12.8,263349,243,276,2026-08-02
8,8,0,OLD,20264148,어떻게 해야 했을까?,2026-07-29,56577800,0.5,-7614300,-11.9,243445820,5434,-790,-12.7,24008,63,107,2026-08-02
9,9,0,OLD,20242402,눈동자,2026-06-24,25051300,0.2,-3463900,-12.1,15861673500,2341,-305,-11.5,1537376,151,176,2026-08-02
10,10,0,OLD,20264665,드림 애니멀즈: 더무비,2026-07-24,12786500,0.1,269190,2.2,375366950,1411,46,3.4,41996,126,130,2026-08-02
1,1,0,OLD,20262770,스파이더맨: 브랜드 뉴 데이,2026-07-29,4174462150,80.5,-4605884450,-52.5,40037437700,401780,-424555,-51.4,3790105,2178,8774,2026-08-03
2,2,0,OLD,20233219,호프,2026-07-15,618271300,11.9,-582116270,-48.5,44896638550,63927,-53970,-45.8,4174479,901,2658,2026-08-03
3,3,0,OLD,20261784,미니언즈 & 몬스터즈,2026-07-15,113041800,2.2,-105371390,-48.2,7266819090,12454,-10576,-45.9,726396,672,1050,2026-08-03
4,4,1,OLD,20259781,토이 스토리 5,2026-06-17,71227390,1.4,-44148190,-38.3,30022826170,7454,-4100,-35.5,2919664,384,487,2026-08-03
5,5,-1,OLD,20259946,모아나,2026-07-08,65168340,1.3,-58931060,-47.5,10691957870,6986,-5777,-45.3,1006935,437,580,2026-08-03
6,6,2,OLD,20264148,어떻게 해야 했을까?,2026-07-29,31604660,0.6,-24973140,-44.1,275050480,3147,-2287,-42.1,27155,59,103,2026-08-03
7,7,0,OLD,20262902,다윗,2026-07-10,29609230,0.6,-65013720,-68.7,2593378990,3085,-6832,-68.9,266434,171,199,2026-08-03
8,8,1,OLD,20242402,눈동자,2026-06-24,15303850,0.3,-9747450,-38.9,15876977350,1489,-852,-36.4,1538865,164,185,2026-08-03
9,9,1,OLD,20264665,드림 애니멀즈: 더무비,2026-07-24,7537100,0.1,-5249400,-41.1,382904050,845,-566,-40.1,42841,112,112,2026-08-03
10,10,0,NEW,20250654,오디세이,2026-08-05,6102000,0.1,6102000,100.0,16710000,678,678,100.0,1302,2,2,2026-08-03
1,1,0,OLD,20262770,스파이더맨: 브랜드 뉴 데이,2026-07-29,3631237270,78.5,-543224880,-13.0,43668674970,348287,-53493,-13.3,4138392,2214,8852,2026-08-04
2,2,0,OLD,20233219,호프,2026-07-15,582039140,12.6,-36232160,-5.9,45478677690,61234,-2693,-4.2,4235713,919,2690,2026-08-04
3,3,0,OLD,20261784,미니언즈 & 몬스터즈,2026-07-15,110418150,2.4,-2623650,-2.3,7377237240,12337,-117,-0.9,738733,668,1029,2026-08-04
4,4,0,OLD,20259781,토이 스토리 5,2026-06-17,73375740,1.6,2148350,3.0,30096201910,7890,436,5.8,2927554,385,488,2026-08-04
5,5,0,OLD,20259946,모아나,2026-07-08,63551500,1.4,-1616840,-2.5,10755509370,6864,-122,-1.7,1013799,444,603,2026-08-04
6,6,1,OLD,20262902,다윗,2026-07-10,28581200,0.6,-1028030,-3.5,2621960190,3059,-26,-0.8,269493,178,204,2026-08-04
7,7,-1,OLD,20264148,어떻게 해야 했을까?,2026-07-29,29506850,0.6,-2097810,-6.6,304557330,2991,-156,-5.0,30146,56,104,2026-08-04
8,8,0,OLD,20242402,눈동자,2026-06-24,13952100,0.3,-1351750,-8.8,15890929450,1369,-120,-8.1,1540234,168,189,2026-08-04
9,9,1,OLD,20250654,오디세이,2026-08-05,12681000,0.3,6579000,107.8,29391000,1065,387,57.1,2367,3,3,2026-08-04
10,10,0,NEW,20262381,사랑의 하츄핑: 고래보석의 전설,2026-08-05,10966800,0.2,10966800,100.0,318006120,916,916,100.0,27410,3,6,2026-08-04
1,1,8,OLD,20250654,오디세이,2026-08-05,3136555240,44.7,3123874240,24634.3,3165946240,292707,291642,27384.2,295074,1682,5036,2026-08-05
2,2,-1,OLD,20262770,스파이더맨: 브랜드 뉴 데이,2026-07-29,2725367730,38.9,-905869540,-24.9,46394042700,275177,-73110,-21.0,4413569,1666,5657,2026-08-05
3,3,7,OLD,20262381,사랑의 하츄핑: 고래보석의 전설,2026-08-05,659585480,9.4,648618680,5914.4,977591600,73165,72249,7887.4,100575,824,1751,2026-08-05
4,4,-2,OLD,20233219,호프,2026-07-15,290952170,4.1,-291086970,-50.0,45769629860,30068,-31166,-50.9,4265781,690,1164,2026-08-05
5,5,-2,OLD,20261784,미니언즈 & 몬스터즈,2026-07-15,45917250,0.7,-64500900,-58.4,7423154490,5297,-7040,-57.1,744030,302,340,2026-08-05
6,6,1,OLD,20264148,어떻게 해야 했을까?,2026-07-29,39024770,0.6,9517920,32.3,343582100,4132,1141,38.1,34278,74,140,2026-08-05
7,7,-3,OLD,20259781,토이 스토리 5,2026-06-17,25988750,0.4,-47386990,-64.6,30122190660,2768,-5122,-64.9,2930322,150,162,2026-08-05
8,8,-3,OLD,20259946,모아나,2026-07-08,19959260,0.3,-43592240,-68.6,10775468630,2325,-4539,-66.1,1016124,119,127,2026-08-05
9,9,-3,OLD,20262902,다윗,2026-07-10,12720600,0.2,-15860600,-55.5,2634680790,1390,-1669,-54.6,270883,70,74,2026-08-05
10,10,0,NEW,20262945,퍼피 구조대: 더 다이노 무비,2026-08-13,6714000,0.1,6714000,100.0,6714000,746,746,100.0,746,3,3,2026-08-05
1,1,0,OLD,20250654,오디세이,2026-08-05,2672173870,45.2,-464381370,-14.8,5838120110,246220,-46487,-15.9,541294,1660,4912,2026-08-06
2,2,0,OLD,20262770,스파이더맨: 브랜드 뉴 데이,2026-07-29,2367870110,40.1,-357497620,-13.1,48761912810,238064,-37113,-13.5,4651633,1694,5675,2026-08-06
3,3,0,OLD,20262381,사랑의 하츄핑: 고래보석의 전설,2026-08-05,386347380,6.5,-273238100,-41.4,1363938980,43768,-29397,-40.2,144343,801,1698,2026-08-06
4,4,0,OLD,20233219,호프,2026-07-15,261930550,4.4,-29021620,-10.0,46031560410,27200,-2868,-9.5,4292981,688,1163,2026-08-06
5,5,0,OLD,20261784,미니언즈 & 몬스터즈,2026-07-15,38688200,0.7,-7229050,-15.7,7461842690,4646,-651,-12.3,748676,284,313,2026-08-06
6,6,0,NEW,20255484,오케이 마담2,2026-08-12,40203000,0.7,40203000,100.0,71416000,4467,4467,100.0,7874,25,25,2026-08-06
7,7,-1,OLD,20264148,어떻게 해야 했을까?,2026-07-29,33483050,0.6,-5541720,-14.2,377065150,3420,-712,-17.2,37698,78,143,2026-08-06
8,8,-1,OLD,20259781,토이 스토리 5,2026-06-17,24128200,0.4,-1860550,-7.2,30146318860,2665,-103,-3.7,2932987,148,154,2026-08-06
9,9,0,OLD,20262902,다윗,2026-07-10,14737500,0.2,2016900,15.9,2649418290,1607,217,15.6,272490,77,81,2026-08-06
10,10,-2,OLD,20259946,모아나,2026-07-08,13807550,0.2,-6151710,-30.8,10789276180,1536,-789,-33.9,1017660,106,113,2026-08-06
1,1,0,OLD,20250654,오디세이,2026-08-05,3490907870,47.2,818734000,30.6,9329027980,310314,64094,26.0,851608,1633,5013,2026-08-07
2,2,0,OLD,20262770,스파이더맨: 브랜드 뉴 데이,2026-07-29,2995196040,40.5,627325930,26.5,51757108850,286714,48650,20.4,4938347,1751,6084,2026-08-07
3,3,0,OLD,20262381,사랑의 하츄핑: 고래보석의 전설,2026-08-05,384165450,5.2,-2181930,-0.6,1748104430,41712,-2056,-4.7,186055,822,1798,2026-08-07
4,4,0,OLD,20233219,호프,2026-07-15,323269460,4.4,61338910,23.4,46354829870,30831,3631,13.3,4323812,658,1135,2026-08-07
5,5,0,OLD,20261784,미니언즈 & 몬스터즈,2026-07-15,40089750,0.5,1401550,3.6,7501932440,4525,-121,-2.6,753201,260,281,2026-08-07
6,6,1,OLD,20264148,어떻게 해야 했을까?,2026-07-29,36250000,0.5,2766950,8.3,413315150,3505,85,2.5,41203,81,145,2026-08-07
7,7,2,OLD,20262902,다윗,2026-07-10,25396950,0.3,10659450,72.3,2674815240,2671,1064,66.2,275161,75,79,2026-08-07
8,8,0,OLD,20259781,토이 스토리 5,2026-06-17,23252890,0.3,-875310,-3.6,30169571750,2415,-250,-9.4,2935402,141,149,2026-08-07
9,9,1,OLD,20259946,모아나,2026-07-08,15308450,0.2,1500900,10.9,10804584630,1570,34,2.2,1019230,91,97,2026-08-07
10,10,5,OLD,20265254,투모로우바이투게더 브이알 콘서트 : 엔드리스 라이드,2026-07-31,16091000,0.2,4986000,44.9,195756000,454,140,44.6,5528,2,16,2026-08-07
1,1,0,OLD,20250654,오디세이,2026-08-05,5748699690,44.1,2257791820,64.7,15077727670,525657,215343,69.4,1377265,1745,5187,2026-08-08
2,2,0,OLD,20262770,스파이더맨: 브랜드 뉴 데이,2026-07-29,5342058920,41.0,2346862880,78.4,57099167770,514137,227423,79.3,5452484,1802,6440,2026-08-08
3,3,0,OLD,20262381,사랑의 하츄핑: 고래보석의 전설,2026-08-05,1182382140,9.1,798216690,207.8,2930486570,124186,82474,197.7,310241,958,2216,2026-08-08
4,4,0,OLD,20233219,호프,2026-07-15,399909800,3.1,76640340,23.7,46754739670,37846,7015,22.8,4361658,553,868,2026-08-08
5,5,2,OLD,20262902,다윗,2026-07-10,54209890,0.4,28812940,113.5,2729025130,5847,3176,118.9,281008,125,134,2026-08-08
6,6,-1,OLD,20261784,미니언즈 & 몬스터즈,2026-07-15,45893200,0.4,5803450,14.5,7547825640,5077,552,12.2,758278,227,240,2026-08-08
7,7,-1,OLD,20264148,어떻게 해야 했을까?,2026-07-29,46435150,0.4,10185150,28.1,459750300,4547,1042,29.7,45750,76,140,2026-08-08
8,8,0,NEW,20264635,명탐정 코난: 하이웨이의 타천사,2026-08-12,55751450,0.4,55751450,100.0,55751450,4355,4355,100.0,4355,36,37,2026-08-08
9,9,-1,OLD,20259781,토이 스토리 5,2026-06-17,20228640,0.2,-3024250,-13.0,30189800390,2067,-348,-14.4,2937469,109,112,2026-08-08
10,10,0,NEW,20255484,오케이 마담2,2026-08-12,18623700,0.1,18623700,100.0,90039700,1527,1527,100.0,9401,12,16,2026-08-08
1,1,0,OLD,20250654,오디세이,2026-08-05,5421157260,44.9,-327542430,-5.7,20498884930,497556,-28101,-5.3,1874821,1798,5118,2026-08-09
2,2,0,OLD,20262770,스파이더맨: 브랜드 뉴 데이,2026-07-29,4782490470,39.6,-559568450,-10.5,61881658240,463917,-50220,-9.8,5916401,1763,6052,2026-08-09
3,3,0,OLD,20262381,사랑의 하츄핑: 고래보석의 전설,2026-08-05,1172014190,9.7,-10367950,-0.9,4102500760,123565,-621,-0.5,433806,941,2164,2026-08-09
4,4,0,OLD,20233219,호프,2026-07-15,336401020,2.8,-63508780,-15.9,47091140690,32223,-5623,-14.9,4393881,548,832,2026-08-09
5,5,0,OLD,20262902,다윗,2026-07-10,78274050,0.6,24064160,44.4,2807299180,8342,2495,42.7,289350,145,154,2026-08-09
6,6,0,OLD,20261784,미니언즈 & 몬스터즈,2026-07-15,45058680,0.4,-834520,-1.8,7592884320,5014,-63,-1.2,763292,227,243,2026-08-09
7,7,1,OLD,20264635,명탐정 코난: 하이웨이의 타천사,2026-08-12,57231270,0.5,1479820,2.7,112982720,4473,118,2.7,8828,37,38,2026-08-09
8,8,-1,OLD,20264148,어떻게 해야 했을까?,2026-07-29,40423200,0.3,-6011950,-12.9,500173500,3978,-569,-12.5,49728,79,137,2026-08-09
9,9,1,OLD,20255484,오케이 마담2,2026-08-12,25903900,0.2,7280200,39.1,115943600,2382,855,56.0,11783,12,14,2026-08-09
10,10,-1,OLD,20259781,토이 스토리 5,2026-06-17,18777850,0.2,-1450790,-7.2,30208578240,1907,-160,-7.7,2939376,99,102,2026-08-09
1,1,0,OLD,20250654,오디세이,2026-08-05,2828095070,56.2,-2593062190,-47.8,23326980000,257625,-239931,-48.2,2132446,1647,4991,2026-08-10
2,2,0,OLD,20262770,스파이더맨: 브랜드 뉴 데이,2026-07-29,1773545300,35.2,-3008945170,-62.9,63655203540,174615,-289302,-62.4,6091016,1590,5518,2026-08-10
3,3,0,OLD,20262381,사랑의 하츄핑: 고래보석의 전설,2026-08-05,174330210,3.5,-997683980,-85.1,4276830970,19409,-104156,-84.3,453215,726,1509,2026-08-10
4,4,0,OLD,20233219,호프,2026-07-15,146372870,2.9,-190028150,-56.5,47237513560,14523,-17700,-54.9,4408404,562,949,2026-08-10
5,5,3,OLD,20264148,어떻게 해야 했을까?,2026-07-29,22904150,0.5,-17519050,-43.3,523077650,2317,-1661,-41.8,52045,70,132,2026-08-10
6,6,0,OLD,20261784,미니언즈 & 몬스터즈,2026-07-15,19237500,0.4,-25821180,-57.3,7612121820,2193,-2821,-56.3,765485,208,217,2026-08-10
7,7,3,OLD,20259781,토이 스토리 5,2026-06-17,10804150,0.2,-7973700,-42.5,30219382390,1112,-795,-41.7,2940488,109,112,2026-08-10
8,8,-3,OLD,20262902,다윗,2026-07-10,9168150,0.2,-69105900,-88.3,2816467330,958,-7384,-88.5,290308,65,69,2026-08-10
9,9,3,OLD,20259946,모아나,2026-07-08,7290500,0.1,748300,11.4,10828554930,826,149,22.0,1021761,67,70,2026-08-10
10,10,5,OLD,20263530,마티 슈프림,2026-07-01,2896500,0.1,-2994350,-50.8,1426494680,290,-107,-27.0,131844,18,18,2026-08-10
